{
  "makes": [
    { "value": "ford", "label": "Ford" },
    { "value": "chevrolet", "label": "Chevrolet" },
    { "value": "dodge", "label": "Dodge" },
    { "value": "pontiac", "label": "Pontiac" }
  ],
  "models": [
    { "value": "mustang_gt", "label": "Mustang GT" },
    { "value": "mustang_boss302", "label": "Mustang Boss 302" },
    { "value": "mustang_mach1", "label": "Mustang Mach 1" },
    { "value": "mustang_cobra", "label": "Mustang Cobra" },
    { "value": "mustang_bullitt", "label": "Mustang Bullitt" },
    { "value": "mustang_ecoboost", "label": "Mustang Ecoboost" },
    { "value": "shelby_gt500", "label": "Shelby GT500" },
    { "value": "shelby_gt350", "label": "Shelby GT350" },
    { "value": "camaro", "label": "Camaro" },
    { "value": "corvette", "label": "Corvette" },
    { "value": "challenger", "label": "Challenger" },
    { "value": "charger", "label": "Charger" },
    { "value": "firebird", "label": "Firebird" },
    { "value": "g8", "label": "G8" }
  ],
  "issues": [
    { "value": "engine", "label": "Engine" },
    { "value": "transmission", "label": "Transmission" },
    { "value": "fuel", "label": "Fuel System" },
    { "value": "electrical", "label": "Electrical System" },
    { "value": "brakes", "label": "Brakes" },
    { "value": "suspension", "label": "Suspension" },
    { "value": "exhaust", "label": "Exhaust" },
    { "value": "body", "label": "Body" },
    { "value": "interior", "label": "Interior" },
    { "value": "air_conditioning", "label": "Air Conditioning" },
    { "value": "tires", "label": "Tires" }
  ],
  "subIssues": {
    "engine": [
      { "value": "smoking", "label": "My engine is smoking" },
      { "value": "overheating", "label": "My engine is overheating" },
      { "value": "noise", "label": "Unusual engine noise" },
      { "value": "leakage", "label": "Engine leakage" },
      { "value": "performance_loss", "label": "Loss of engine performance" }
    ],
    "transmission": [
      { "value": "slipping", "label": "Transmission is slipping" },
      { "value": "hard_shifting", "label": "Hard shifting" },
      { "value": "noisy_shifting", "label": "Noisy shifting" }
    ],
    "fuel": [
      { "value": "fuel_pump_failure", "label": "Fuel pump failure" },
      { "value": "fuel_injector_issues", "label": "Fuel injector issues" }
    ],
    "electrical": [
      { "value": "dead_battery", "label": "Dead battery" },
      { "value": "alternator_failure", "label": "Alternator failure" }
    ],
    "brakes": [
      { "value": "squeaking", "label": "Brakes are squeaking" },
      { "value": "spongy_pedal", "label": "Spongy brake pedal" },
      { "value": "abs_failure", "label": "ABS failure" }
    ],
    "suspension": [
      { "value": "bouncing", "label": "Excessive bouncing" },
      { "value": "uneven_ride", "label": "Uneven ride" },
      { "value": "worn_bushings", "label": "Worn bushings" }
    ],
    "exhaust": [
      { "value": "loud_exhaust", "label": "Loud exhaust" },
      { "value": "exhaust_leak", "label": "Exhaust leak" }
    ],
    "body": [
      { "value": "rust", "label": "Rust" },
      { "value": "dents", "label": "Dents" },
      { "value": "alignment_issues", "label": "Alignment issues" }
    ],
    "interior": [
      { "value": "seat_wear", "label": "Seat wear" },
      { "value": "dashboard_cracks", "label": "Dashboard cracks" },
      { "value": "stereo_malfunction", "label": "Stereo malfunction" }
    ],
    "air_conditioning": [
      { "value": "blowing_hot_air", "label": "Blowing hot air" },
      { "value": "no_airflow", "label": "No airflow" },
      { "value": "unpleasant_odor", "label": "Unpleasant odor" }
    ],
    "tires": [
      { "value": "uneven_wear", "label": "Uneven tire wear" },
      { "value": "low_tread", "label": "Low tread" },
      { "value": "vibration", "label": "Vibration while driving" }
    ]
  },
  "issueDescriptions": {
    "smoking": "If your engine is smoking, begin by assessing the color and volume of the smoke to diagnose the underlying issue. White smoke often suggests that coolant is leaking into the combustion chamber due to a head gasket failure. Blue smoke is usually an indication of oil burning as a result of worn piston rings or valve seals. Black smoke typically means there is an excess fuel mixture being burned, possibly from a malfunctioning injector. Carefully inspect your engine bay for visible leaks and check your coolant and oil levels. Safety is paramount; do not drive the vehicle if significant smoke is observed to prevent further damage. Allow the engine to cool before attempting any further inspection. Document any unusual noises or smells you notice during the process. Use a checklist to record your observations, and compare them against known issues from your service manual. If you determine the issue is minor, follow a repair guide to replace the faulty component step-by-step.\n\nFor a more detailed fix, start by pinpointing the smoke’s source by inspecting around the engine block and radiator. Verify if the smoke persists only after the engine has warmed up, and test the compression in each cylinder. Clean any oil spills and check for coolant dilution. Use a systematic approach by following your vehicle’s diagnostic procedures. Keep notes on the color and intensity of the smoke. Reference online tutorials and repair forums for additional guidance. Finally, if the repair is manageable, replace the defective part using proper tools and safety measures without necessarily bringing the car in.",

    "overheating": "Engine overheating is a serious issue that can cause irreversible damage if not promptly addressed. Start by checking your coolant level and ensuring there are no leaks in the cooling system. The thermostat may be stuck closed or the radiator fan might not be operating correctly. Inspect the radiator, hoses, and water pump for signs of wear or damage. Allow the engine to cool completely before checking any components to avoid injury. Monitor the temperature gauge and record any unusual readings. It is essential to verify that the coolant mix is as per the manufacturer’s recommendation. Use a flashlight and mirror to inspect hard-to-see areas. If you notice any blockages or corrosion, document them for further reference. Following these observations, determine if a simple maintenance step can solve the problem.\n\nFor an easier fix, gather your tools and consult the repair manual for your Mustang. Begin by slowly draining a small amount of coolant to inspect its condition. Check the thermostat by observing the engine temperature rise in a controlled setting. Replace worn hoses or the faulty thermostat step-by-step, as outlined in the manual. Clean the radiator fins and ensure the fan is functioning correctly. Tighten any loose clamps and reassemble the components carefully. Test the vehicle on a short drive while closely monitoring the temperature gauge. Document every step to create a repair log that can be referenced in future maintenance.",

    "noise": "Unusual engine noises can be indicative of several underlying issues, ranging from minor adjustments to more significant mechanical failures. Begin by identifying the type of noise—is it a knocking, ticking, or grinding sound? Determine whether the noise originates from a specific area or is present throughout the engine. Check the engine oil level and quality, as low or degraded oil can contribute to abnormal sounds. Inspect for loose components or worn belts that may be causing the issue. Note if the noise varies with engine temperature or load conditions. Document the occurrences and compare them with symptoms described in your service manual. Use a mechanic’s stethoscope if available to help pinpoint the source of the noise. Record all findings in detail.\n\nIf the issue appears minor and fixable, start by cleaning the engine compartment and ensuring all fasteners are tight. Replace small parts such as worn bearings or belts following a step-by-step guide. Use diagnostic tools to compare the noise against standard operating conditions. Consult online repair videos or forums for additional insights. Document each step of your troubleshooting process. Once you complete the repairs, perform a test drive to ensure the issue has been resolved. Keeping a detailed log will help you track future problems and maintenance needs.",

    "leakage": "Engine leakage can be a subtle yet serious warning sign that maintenance is required. Begin by visually inspecting the engine area for any traces of fluid leaks, such as oil or coolant stains. Note the location, size, and color of the leaked fluid to help determine which gasket or seal might be failing. Even small leaks can become significant if ignored, so it is important to document the progression of the issue. Check under the car for puddles and inspect for any signs of corrosion around the leak site. Evaluate whether the leak is from a seal, hose, or a more critical engine component. Use paper towels to mark the spread and compare with previous inspections. Record your observations and compare them with troubleshooting guides.\n\nFor a fixable problem, start by cleaning the engine thoroughly to accurately identify the leak’s source. Once identified, follow a step-by-step procedure to replace the faulty gasket or seal using the correct replacement parts. Ensure that all tools are used properly and safety protocols are followed. After the repair, recheck the area for any further signs of leakage. Maintain a log of fluid levels before and after the repair. This methodical approach often allows you to resolve the leakage issue on your own without immediate professional help.",

    "performance_loss": "Engine performance loss can stem from multiple factors such as fuel delivery issues, worn spark plugs, or internal engine wear. Begin by checking the air filter, fuel filter, and spark plugs to ensure they are clean and functioning properly. Assess the quality of the engine oil and look for any signs of contamination. Observe any changes in power, acceleration, or exhaust output during normal driving. Document the symptoms, including when the performance loss occurs and under what conditions. Compare your observations with the specifications listed in your service manual. Perform a visual inspection of critical components like the air intake and throttle body. Utilize diagnostic tools to scan for error codes that might indicate deeper issues.\n\nIf the problem appears minor, start by replacing or cleaning the air filter and spark plugs according to the manufacturer’s guidelines. Then, inspect and, if necessary, replace the fuel filter. Follow a detailed step-by-step guide for each component and record your progress. Test the vehicle after each repair to gauge improvement. This systematic approach can often restore engine performance without needing to bring the car in, as long as the issue is within a manageable range.",

    "slipping": "Transmission slipping can lead to a dangerous loss of power and a disconcerting driving experience. Begin by checking the transmission fluid level and its condition, as low or degraded fluid is a common cause. Observe whether the slipping occurs under acceleration, and document the conditions during which it happens. Check for any signs of leaks or burnt fluid, and note any unusual smells. It is important to refer to your vehicle’s service manual to compare your findings against standard transmission behavior. Document any dashboard warning lights or error codes related to the transmission system. Use a diagnostic tool if available, and record the fluid’s color and viscosity.\n\nFor a fixable issue, begin by performing a complete fluid and filter change following your Mustang’s specific guidelines. Drain the old fluid carefully, replace the filter, and refill with the recommended transmission fluid. Conduct a test drive immediately after the procedure to determine if the slipping has ceased. Record each step and compare the performance before and after the repair. This systematic approach may resolve the issue without requiring professional intervention, provided the underlying damage is not severe.",

    "hard_shifting": "Hard shifting indicates that your transmission is not changing gears as smoothly as it should, often resulting in a jerky ride. Start by inspecting the transmission fluid for proper level and quality. Low or contaminated fluid can be a primary cause of this problem. Document when and how the hard shifting occurs, noting whether it happens during acceleration, deceleration, or under load. Check the shift linkage and transmission mounts for any visible signs of wear or misalignment. Use your service manual to compare these symptoms with common causes of hard shifting. Record any dashboard warnings or error codes that appear.\n\nIf the issue appears to be minor, begin by performing a fluid change with the correct type of transmission fluid. Follow a detailed, step-by-step guide that includes draining the old fluid, replacing the filter, and refilling with fresh fluid. Reassemble all components carefully and take the vehicle for a short test drive to verify the improvement. Document every step of the process to build a reference log for future maintenance. This methodical approach can often resolve hard shifting issues without the need for professional service.",

    "noisy_shifting": "Noisy shifting in your transmission may indicate worn components or misalignment within the gear system. Start by paying close attention to the specific type of noise and the conditions under which it occurs. Check the transmission fluid for proper levels and quality, as poor fluid can exacerbate any existing issues. Inspect the shift linkage, solenoids, and mounting brackets for any signs of damage or looseness. Document all observations and compare them with troubleshooting guidelines in your service manual. Use a systematic approach to isolate whether the noise comes from a particular gear or if it is consistent throughout all shifts.\n\nFor an issue that is easy to fix, begin by replacing the transmission fluid and lubricating any moving parts according to the manual’s instructions. Tighten or adjust the linkage components if necessary, following a detailed step-by-step procedure. Test the vehicle after each adjustment to monitor changes in the shifting noise. Document every step carefully, ensuring that you have a record of the repair process. This systematic and methodical approach often resolves the issue without needing to bring the vehicle in.",

    "fuel_pump_failure": "A fuel pump failure can severely affect your engine’s performance by restricting the fuel flow needed for proper combustion. Begin by observing if the engine sputters, stalls, or hesitates during acceleration, which are common symptoms of this issue. Check the fuel filter for clogs, as this can mimic the symptoms of a failing pump. Listen for any unusual noises coming from the fuel tank area that might indicate a malfunctioning pump. Document your observations, noting the conditions under which the problem occurs. Inspect the electrical connections and wiring to ensure there is no loose or corroded contact.\n\nIf the issue seems straightforward and is caused by a clogged fuel filter, follow a step-by-step process to replace the filter first. Securely disconnect the old filter, install the new one, and reassemble the fuel system. Monitor the engine performance after this maintenance step. Document each step as you proceed, and use online guides or your vehicle’s manual for further instructions. This detailed process may restore proper fuel flow without having to bring your Mustang in immediately, as long as the pump itself is not severely damaged.",

    "fuel_injector_issues": "Fuel injector issues can lead to rough idling, misfires, and overall poor engine performance. Start by using a diagnostic scanner to check for any error codes that might indicate a misfire or imbalance in the fuel delivery system. Listen for irregular sounds coming from the injectors and inspect them for visible signs of clogging or damage. Record your observations, including the engine’s behavior under different conditions. It is important to compare these findings with the recommended performance standards in your service manual. Check the fuel pressure and note any fluctuations during operation.\n\nIf the problem appears to be minor, begin by cleaning the fuel injectors using a specialized cleaning solution. Follow a step-by-step guide that typically involves disconnecting the injectors, cleaning them thoroughly, and reinstalling them. Perform a test run after cleaning to see if the engine’s performance improves. Document each step meticulously and reference troubleshooting guides for additional tips. This systematic approach can often resolve fuel injector issues without requiring a professional repair, provided that the damage is minimal.",

    "dead_battery": "A dead battery is one of the most common issues preventing your vehicle from starting. Start by inspecting the battery terminals for any signs of corrosion or loose connections. Use a multimeter to check the battery’s voltage and ensure it is holding a charge. Document any unusual electrical behavior such as dimming lights or error messages on the dashboard. Check the physical condition of the battery, noting any swelling or leakage. It is important to follow safety guidelines when working with battery components.\n\nFor a simple fix, if the battery is discharged, follow these step-by-step instructions: safely connect jumper cables to a functioning battery from another vehicle, ensuring correct polarity. Allow the battery to charge for several minutes before attempting to start your car. If the battery continues to underperform, consider replacing it according to the manufacturer’s guidelines. Record every step of the process, which may help in future diagnostics. This methodical approach can often restore functionality without the need for professional service, as long as the issue is limited to a discharged battery.",

    "alternator_failure": "Alternator failure can disrupt your vehicle’s entire electrical system and lead to a drained battery. Begin by checking the alternator’s output with a multimeter while the engine is running. Document any readings that fall below the recommended voltage level. Observe if any electrical components, such as headlights or the radio, are functioning erratically. Check the alternator belt for signs of wear or looseness and note any unusual noises from the alternator. Record all findings and compare them with the specifications in your service manual.\n\nFor a fixable problem, start by tightening or replacing the alternator belt if it appears worn. Follow a step-by-step guide from your manual to remove and reinstall the alternator if necessary. Test the output after each step and document the changes. This detailed, methodical process may resolve minor alternator issues without the need to bring your car in, provided that you adhere closely to safety guidelines and proper procedures.",

    "squeaking": "Brake squeaking is often an early indicator of wear or the need for a simple adjustment in your brake system. Begin by inspecting the brake pads and rotors for signs of wear, contamination, or glazing. Document any uneven wear or visible buildup that may be causing the squeak. Clean the brake components and check if the squeaking diminishes during a short test drive. Record the conditions under which the noise occurs and compare your findings with the standard maintenance guidelines.\n\nFor a straightforward fix, follow these steps: remove the wheels to access the brakes, then clean the pads and rotors thoroughly using a brake cleaner. If the pads are worn, replace them following the manufacturer’s instructions. Reassemble the brakes carefully and perform a test drive to ensure the squeaking has stopped. Each step should be documented to build a clear repair log that can help in future maintenance. This process often resolves minor brake squeaking without the need for professional intervention.",

    "spongy_pedal": "A spongy brake pedal is usually caused by air in the brake lines or degraded brake fluid. Start by checking the brake fluid level in the master cylinder and inspect for any visible signs of leaks. Note any unusual pedal behavior or delayed response during braking. Document your observations along with any error codes that may appear. Inspect the condition of the brake lines for wear or damage. It is important to understand that a spongy pedal can lead to a dangerous driving situation if not addressed.\n\nFor an issue that is fixable at home, begin by bleeding the brakes to remove trapped air. Follow a detailed step-by-step guide that includes connecting a bleeder kit to each brake caliper and gradually pumping the pedal. Replace the brake fluid if it appears contaminated, and then reassemble the system. Document each step and perform a test drive to confirm that the pedal feels firm. This systematic approach can often restore proper brake performance without necessitating a trip to the shop.",

    "abs_failure": "ABS failure can compromise your vehicle’s braking performance and safety. Begin by checking the ABS warning light on the dashboard and use a diagnostic tool to read any error codes related to the ABS system. Inspect the ABS sensors and wiring around each wheel, ensuring they are clean and securely connected. Document any irregularities such as sensor misalignment or damaged wiring. It is essential to compare these findings with the manufacturer’s troubleshooting guidelines.\n\nFor a fixable issue, follow a detailed ABS sensor cleaning and recalibration procedure. Start by cleaning the sensor surfaces with a non-abrasive cleaner and ensure the wiring is intact. Follow your service manual’s step-by-step process to reset the ABS module if required. After reassembly, take a short drive to test the system. Document every step to create a comprehensive record of the repair process, which can help avoid the need for immediate professional intervention if the issue is minor.",

    "bouncing": "A bouncing sensation while driving is often symptomatic of worn shock absorbers or struts within the suspension system. Begin by visually inspecting the shocks and struts for signs of oil leakage or physical damage. Note any deviations in the ride height and document how the car responds to bumps and rough roads. Check for loose mounts or broken components that may contribute to the bouncing effect. Use your service manual to compare the observed symptoms with the expected performance.\n\nFor an issue that may be straightforward to fix, start by performing a bounce test and confirming if the shocks are indeed worn. Follow a step-by-step guide to safely lift the vehicle and replace the worn components. Reassemble the suspension according to the manual’s instructions and perform a test drive to verify improvements. Document each step meticulously, and note any changes in the ride quality. This systematic process can often resolve the bouncing issue without requiring professional service, provided the damage is not extensive.",

    "uneven_ride": "An uneven ride is a common indicator that there may be an issue with your suspension or alignment. Start by checking the tire pressure on all four tires to ensure they are inflated according to the manufacturer’s recommendations. Inspect the suspension components for signs of wear, such as worn bushings or misaligned shock absorbers. Document any uneven tire wear patterns and note when the ride feels particularly unstable. Compare these observations with your vehicle’s alignment specifications and maintenance history. A detailed record of these findings can help pinpoint whether the issue stems from the suspension or the tires themselves.\n\nIf the problem appears minor, begin by balancing the tires and performing a basic alignment check. Follow a step-by-step guide to adjust the suspension components and align the wheels using a level surface. Document every adjustment made and perform a test drive after each modification to confirm improvements. This systematic approach may resolve the uneven ride without necessitating professional equipment or services, provided the misalignment is slight.",

    "worn_bushings": "Worn bushings in the suspension system can lead to increased vibrations, clunking noises, and poor handling. Start by visually inspecting the suspension for any signs of deteriorated or cracked bushings. Document the location and extent of the wear, and note any abnormal movement in the suspension components. Check for any associated noises during acceleration, braking, or when going over bumps. Compare your findings with the guidelines provided in your service manual. Taking accurate notes on the condition of the bushings is critical to diagnosing the problem.\n\nFor a repair that is manageable at home, begin by gathering the necessary replacement bushings and tools. Follow a detailed step-by-step guide to safely lift the vehicle and remove the affected suspension parts. Replace the worn bushings carefully and reassemble the components as directed. After reinstallation, take the car for a test drive to ensure that the vibrations and noises have diminished. Document each step of the repair process, which may allow you to address the issue without needing to bring the car in for professional service if the damage is limited.",

    "loud_exhaust": "A loud exhaust can indicate issues ranging from minor leaks to significant damage in the exhaust system. Begin by visually inspecting the exhaust pipes, muffler, and catalytic converter for signs of corrosion, damage, or loose connections. Note any abnormal noises, such as rattling or hissing, and document when these occur in relation to engine speed. Check for any visible holes or rusted areas in the exhaust system. Document your findings in detail, as these will help in diagnosing the problem accurately. Verify that all exhaust clamps and brackets are securely fastened.\n\nIf the issue is minor and appears fixable, start by tightening any loose clamps and patching small holes using a high-temperature sealant. Follow a detailed, step-by-step repair guide provided in your service manual. Re-test the exhaust system after repairs and document the improvements. This methodical approach can often correct minor exhaust issues without the need for professional intervention.",

    "exhaust_leak": "An exhaust leak is a serious safety concern that should be addressed immediately. Begin by carefully inspecting the entire exhaust system for cracks, holes, or rusted sections, paying close attention to joints and connection points. Document any unusual sounds or fumes that indicate escaping gases. Check the condition of the exhaust manifold, pipes, and muffler for signs of damage. Record all observations and compare them with the symptoms outlined in your service manual. Even small leaks should be noted and tracked.\n\nFor a fixable problem, start by cleaning the affected area thoroughly. Follow a detailed guide to apply a high-temperature sealant or patch to temporarily seal the leak. Ensure you allow sufficient curing time and test the system under safe conditions. Document every step so that if a more permanent repair is needed later, you have a clear record of your efforts. This process can provide a temporary fix, potentially saving you from an immediate trip to the service center if the damage is not extensive.",

    "rust": "Rust on your vehicle’s body is not only a cosmetic concern but can lead to structural damage if left untreated. Begin by thoroughly inspecting the affected area, especially near seams and joints where rust tends to develop. Document the extent of the rust, noting whether it is superficial or has begun to penetrate the metal. Use a wire brush or sandpaper to remove loose rust, and record the progress as you work. Check the surrounding paint and document any signs of further deterioration. It is important to follow safety guidelines when dealing with rust removal.\n\nFor an easier fix, start by cleaning the rusted area completely. Apply a rust converter to halt further oxidation and then cover with a primer and touch-up paint following a detailed step-by-step process. Allow each coat to dry fully and inspect the area for consistency. Document each stage of the repair process to ensure that the rust does not return. This methodical approach can effectively manage minor rust issues without requiring professional intervention.",

    "dents": "Dents in your vehicle’s body can impact both aesthetics and structural integrity. Begin by closely examining the dent, noting its size, depth, and location. Document any associated paint damage or creasing around the area. Check for additional signs of impact or misalignment in surrounding panels. Compare your observations with the repair recommendations in your service manual. Record each detail of the damage to help determine the best course of action.\n\nFor minor dents that appear fixable at home, start by applying heat to the dented area to soften the metal. Follow a step-by-step procedure using a plunger or specialized dent removal tool to gently pull the dent out. Reapply heat as necessary and document the progress. Once the dent is corrected, use a touch-up paint kit to restore the original finish. This detailed process can allow you to repair the dent without professional help, provided the damage is not severe.",

    "alignment_issues": "Alignment issues can lead to uneven tire wear and poor handling, affecting both safety and performance. Begin by visually inspecting the tires and suspension for obvious signs of misalignment. Document any unusual wear patterns on the tires, such as feathering or cupping. Record your observations regarding steering response and handling characteristics. Compare these details with the specifications in your vehicle’s service manual. A precise record will help in diagnosing whether the problem is solely alignment-related or also due to worn suspension parts.\n\nFor minor alignment issues, start by adjusting the tire pressure and performing a basic alignment check using available tools. Follow a detailed, step-by-step guide to make small corrections and test the vehicle’s handling after each adjustment. Document all changes and monitor the improvement in ride quality. This systematic approach can often resolve slight misalignments without requiring specialized equipment or professional intervention.",

    "seat_wear": "Wear and tear on your vehicle’s seats is primarily a cosmetic issue that may also affect comfort. Begin by thoroughly inspecting the upholstery for signs of tears, fading, or fraying. Document the extent of the damage and note any areas that are particularly worn. Check for uneven wear patterns that might indicate issues with the seat structure. Compare your observations with the expected lifespan and care instructions provided by the manufacturer. Keep detailed notes and photographs if necessary.\n\nFor a straightforward repair, start by cleaning the seats with an appropriate cleaner for the upholstery type. Follow a step-by-step repair guide to patch or reupholster minor tears, using a repair kit designed for automotive interiors. Allow the repair materials to cure completely before reusing the seats. Document every phase of the process and note improvements in the appearance. This methodical approach can often extend the life of your seats without the need for professional reupholstering.",

    "dashboard_cracks": "Cracks in the dashboard detract from your vehicle’s interior aesthetics and may also indicate material degradation from prolonged exposure to sunlight and heat. Begin by closely inspecting the dashboard and documenting the size, location, and severity of each crack. Record any areas where the material appears faded or brittle. Check for any signs of moisture or internal damage that might accompany the cracks. Compare these observations with the repair recommendations in your service manual. Keeping a detailed log will help in planning the necessary repairs.\n\nFor an easy repair, start by cleaning the dashboard thoroughly to remove dust and grease. Follow a detailed guide to apply a dashboard repair kit that typically includes filler, primer, and paint. Work carefully to ensure a seamless repair and allow sufficient drying time between steps. Document each phase of the repair process, noting improvements in appearance. This systematic approach can often restore the dashboard without requiring a full replacement or professional intervention.",

    "stereo_malfunction": "A malfunctioning stereo system can significantly diminish your in-car entertainment experience. Begin by checking all connections, fuses, and wiring associated with the stereo system. Document any error messages or unusual behavior, such as intermittent sound or total loss of audio. Note if the malfunction is isolated to a specific component like the amplifier or speakers. Record all observations and compare them with the troubleshooting guidelines in the stereo’s user manual. Detailed documentation can assist in diagnosing the exact cause of the problem.\n\nFor a potentially fixable issue, start by resetting the stereo system and checking for any available software updates. Follow a step-by-step troubleshooting guide that includes cleaning connectors, checking wiring integrity, and replacing any blown fuses. Document every step taken, and test the system after each repair phase. This methodical approach can often resolve minor stereo issues without the need for professional service.",

    "blowing_hot_air": "When your air conditioning system blows hot air, it typically indicates a loss of refrigerant or a malfunctioning compressor. Begin by checking the refrigerant levels and inspecting the compressor for any unusual noises or physical damage. Document the temperature differences between the vent air and the ambient air. Check the refrigerant lines for leaks and note any signs of oil residue, which might indicate compressor issues. Compare your observations with the operating standards in your AC system manual. Record all error codes or dashboard warnings that appear during operation.\n\nFor an issue that is fixable at home, follow a step-by-step guide to recharge the system if the refrigerant level is low. Start by locating the service port and attaching the proper gauge, then add refrigerant as specified in the manual. Ensure all connections are secure and test the system thoroughly before considering the repair complete. Document every phase of the process to maintain a detailed repair log. This systematic approach can restore cool air without requiring an immediate trip to the service center if the underlying issue is minor.",

    "no_airflow": "A lack of airflow from your air conditioning system can make the interior uncomfortable and may indicate a clogged cabin filter or obstructed vents. Begin by inspecting the cabin air filter and cleaning or replacing it if it appears dirty or clogged. Document the condition of the filter and check the air vents for any blockages or debris. Note any irregularities in the blower motor’s operation, such as strange noises or reduced fan speed. Compare your findings with the maintenance guidelines in your service manual. Record all observations to assist in diagnosing the airflow issue accurately.\n\nFor an issue that is easy to fix, begin by replacing the cabin air filter according to the manufacturer’s instructions. Follow a detailed, step-by-step guide to clean the vents and ductwork using a vacuum or compressed air. Lubricate the blower motor if necessary, and test the system afterwards. Document each step and recheck the airflow to ensure the issue is resolved. This methodical process can often restore proper airflow without the need for professional service.",

    "unpleasant_odor": "An unpleasant odor coming from your air conditioning system is often due to mold, bacteria, or accumulated debris in the vents and ducts. Begin by visually inspecting the cabin filter and air vents for signs of dirt or microbial growth. Document the intensity and type of odor, as well as any related symptoms such as reduced airflow. Check for moisture buildup in the system, which can exacerbate odor issues. Compare your findings with the common causes listed in your AC maintenance guide. Record all details, including the frequency and duration of the odor.\n\nFor a fixable problem, start by replacing the cabin air filter with a high-quality replacement. Follow a detailed guide to clean the air vents using an antibacterial solution and allow the system to dry completely. Test the system thoroughly after cleaning and document each step of the process. This systematic approach can effectively remove the odor without requiring professional intervention, provided the issue is minor.",

    "uneven_wear": "Uneven tire wear is often an indicator of underlying issues such as misalignment or improper tire inflation. Begin by visually inspecting all tires and noting areas where the tread appears significantly worn. Measure the tire pressure on each wheel and document any discrepancies with the manufacturer’s recommendations. Check for patterns such as cupping, feathering, or blistering, and record these observations in detail. Compare the tire wear with the alignment and suspension settings noted in your service manual. A detailed record will assist in diagnosing the cause accurately.\n\nFor an issue that is straightforward to fix, start by rotating the tires and balancing them according to a step-by-step guide. Adjust the tire pressure as needed and recheck the alignment. Document every step of the process and monitor the wear over time to ensure consistency. This methodical approach can often resolve uneven wear issues without requiring professional services, as long as the underlying cause is addressed promptly.",

    "low_tread": "Low tread depth on your tires can severely compromise your vehicle’s handling and safety. Begin by measuring the tread depth using a tread gauge and recording the values for each tire. Inspect the tires for any visible signs of damage or uneven wear and compare these observations with the recommended safe tread depth in your service manual. Document the age of the tires and any patterns of wear that may indicate a deeper issue. Record any dashboard warnings or alerts related to tire condition.\n\nIf the tread wear is minimal and primarily due to aging, start by ensuring all tires are inflated to the correct pressure. Rotate the tires and follow a step-by-step maintenance guide to maximize their lifespan. Use tire reconditioning products as a temporary measure if applicable, and document each action taken. This systematic approach may help extend the life of the tires without immediate replacement, while still ensuring safety on the road.",

    "vibration": "Vibrations while driving can be caused by a variety of issues including tire imbalance, misalignment, or worn suspension components. Begin by checking that all tires are inflated to the recommended pressure and inspect them for signs of uneven wear or damage. Document when the vibrations occur—whether during acceleration, deceleration, or at specific speeds—and record any associated steering wheel shake. Check the suspension components, including tie rods and bushings, for wear and document your findings. Compare your observations with the troubleshooting guidelines in your service manual. A precise record will help pinpoint the underlying cause.\n\nFor a potentially fixable issue, start by having your tires balanced and aligned using a detailed, step-by-step guide. Inspect the suspension system for any damaged or worn parts and replace them as needed. Document each repair step and perform a test drive after adjustments to verify the reduction in vibration. This systematic and methodical approach can often resolve the vibration issue without needing professional intervention, provided that the issue is minor."
  }
}
